model,group_code,group_name,products_count,observations_count,cv_years,MAE,RMSE,MAPE_%,WAPE_%
prophet,G03,"Мясо, птица, рыба и колбасные изделия",2,24,2023; 2024; 2025,3.2362288775648884,4.207051997649041,2.8560483499309925,2.8962741820823696
seasonal_naive,G01,"Хлеб, крупы, мука и макаронные изделия",2,24,2023; 2024; 2025,4.541904125,6.666792684449787,4.146245820488295,4.177035535416914
seasonal_naive,G05,"Бакалея, масло, сахар, чай, соль",2,24,2023; 2024; 2025,4.587132958333334,5.3956033221818265,5.133435450204918,5.003772621481656
lightgbm_global,G02,Молочная продукция и яйца,3,36,2023; 2024; 2025,9.972380451669634,13.572232208938166,8.5931562638715,8.122256882997425
prophet,G04,"Овощи, фрукты и картофель",3,36,2023; 2024; 2025,14.208670338734699,18.15768524893351,10.474475119085694,10.253785815999693
prophet,G10,Топливо и транспортные товары,5,56,2020; 2021; 2022; 2023; 2024; 2025,16.162191393901853,25.448351768157796,12.844250404850419,12.832799634618446
prophet,G07,"Товары для дома, гигиены и бытовая химия",1,12,2023; 2024; 2025,18.912739278827953,23.83328522631535,14.891449397794009,13.543820552233582
