model,group_code,group_name,products_count,observations_count,cv_years,MAE,RMSE,MAPE_%,WAPE_%
lightgbm_individual_selection,G01,"Хлеб, крупы, мука и макаронные изделия",2,24,2023; 2024; 2025,4.739083157849265,6.183990544050609,4.296833119524179,4.358374419810587
lightgbm_individual_selection,G03,"Мясо, птица, рыба и колбасные изделия",2,24,2023; 2024; 2025,5.771955832667426,7.721644681772071,5.010294202001491,5.165631755580064
lightgbm_individual_selection,G05,"Бакалея, масло, сахар, чай, соль",2,24,2023; 2024; 2025,5.090301116839588,5.774524044367839,5.713559353111678,5.552642488216392
lightgbm_individual_selection,G04,"Овощи, фрукты и картофель",3,36,2023; 2024; 2025,9.830329117838694,13.28889776948167,7.362485532455457,7.094125408787503
lightgbm_individual_selection,G02,Молочная продукция и яйца,3,36,2023; 2024; 2025,9.949678792698556,13.204822608580686,8.560270448497773,8.10376694403782
lightgbm_individual_selection,G07,"Товары для дома, гигиены и бытовая химия",1,12,2023; 2024; 2025,19.91229604447017,23.255631638258617,15.046142289459882,14.259624712912952
lightgbm_individual_selection,G10,Топливо и транспортные товары,5,56,2020; 2021; 2022; 2023; 2024; 2025,18.66461806810422,26.255327698028896,16.199461146274288,14.819729459152029
