model,group_code,group_name,products_count,observations_count,cv_years,MAE,RMSE,MAPE_%,WAPE_%
prophet_individual,G03,"Мясо, птица, рыба и колбасные изделия",2,24,2023; 2024; 2025,3.181495620642135,4.180782395931261,2.8104682517796205,2.847290465255168
prophet_individual,G01,"Хлеб, крупы, мука и макаронные изделия",2,24,2023; 2024; 2025,5.262895230706325,6.588299585962159,4.804709880880701,4.840106658534214
prophet_individual,G05,"Бакалея, масло, сахар, чай, соль",2,24,2023; 2024; 2025,5.265068169943979,7.306364898613816,5.537417996651101,5.743283266106231
prophet_individual,G02,Молочная продукция и яйца,3,36,2023; 2024; 2025,9.963219382021757,13.250260719077874,8.558103668001634,8.114795418669656
prophet_individual,G04,"Овощи, фрукты и картофель",3,36,2023; 2024; 2025,14.074370321699652,18.54238980170054,10.251710123623289,10.156867274226759
prophet_individual,G10,Топливо и транспортные товары,5,56,2020; 2021; 2022; 2023; 2024; 2025,15.320610033569299,23.88207719875991,11.495617512427694,12.164583010389372
prophet_individual,G07,"Товары для дома, гигиены и бытовая химия",1,12,2023; 2024; 2025,18.912739278827953,23.83328522631535,14.891449397794009,13.543820552233582
