model,group_code,group_name,products_count,observations_count,cv_years,MAE,RMSE,MAPE_%,WAPE_%
sarimax_exog,G03,"Мясо, птица, рыба и колбасные изделия",2,24,2023; 2024; 2025,5.708781324398789,7.645227088177326,4.828919192743196,5.109093511782586
lightgbm_exog,G01,"Хлеб, крупы, мука и макаронные изделия",2,24,2023; 2024; 2025,5.5914009121239445,6.771034551657489,5.200060513911599,5.142222217802597
lightgbm_exog,G05,"Бакалея, масло, сахар, чай, соль",2,24,2023; 2024; 2025,5.735842196521361,6.429584105850927,6.366628325497469,6.256816709869428
sarimax_exog,G02,Молочная продукция и яйца,3,36,2023; 2024; 2025,8.123454899257771,13.37772990449244,7.311893601281103,6.616352814554793
lightgbm_exog,G04,"Овощи, фрукты и картофель",3,36,2023; 2024; 2025,14.909404347645806,19.76937173054038,11.481491533864723,10.75947538934236
prophet_exog,G07,"Товары для дома, гигиены и бытовая химия",1,12,2023; 2024; 2025,22.369703333864464,27.215308542544243,15.305158414109723,16.019427080017206
lightgbm_exog,G10,Топливо и транспортные товары,5,56,2020; 2021; 2022; 2023; 2024; 2025,22.253142588592898,30.383695328996595,19.321377973863303,17.669022295315436
